{
  "project_info": {
    "project_number": "779977683079",
    "firebase_url": "https://schudulecontactcs.firebaseio.com",
    "project_id": "schudulecontactcs",
    "storage_bucket": "schudulecontactcs.appspot.com"
  },
  "client": [
    {
      "client_info": {
        "mobilesdk_app_id": "1:779977683079:android:1f9f3c4ee1235e15",
        "android_client_info": {
          "package_name": "com.example.schudulecontac"
        }
      },
      "oauth_client": [
        {
          "client_id": "779977683079-tlbcusjkf6r62j1o56utsiloprkgn3r6.apps.googleusercontent.com",
          "client_type": 1,
          "android_info": {
            "package_name": "com.example.schudulecontac",
            "certificate_hash": "58153bf0383ea454bb89479bad251b869e996252"
          }
        },
        {
          "client_id": "779977683079-hhn5cj0o3k8f7lobu71vts4dkb97ctoi.apps.googleusercontent.com",
          "client_type": 3
        }
      ],
      "api_key": [
        {
          "current_key": "AIzaSyD7irml0CD-TuhJ_dGRnhCkmwB_PxwHuc0"
        }
      ],
      "services": {
        "appinvite_service": {
          "other_platform_oauth_client": [
            {
              "client_id": "779977683079-hhn5cj0o3k8f7lobu71vts4dkb97ctoi.apps.googleusercontent.com",
              "client_type": 3
            }
          ]
        }
      }
    }
  ],
  "configuration_version": "1"
}